{"classes":[{"class":"Publication","invertedIndexConfig":{"bm25":{"b":0.75,"k1":1.2},"cleanupIntervalSeconds":60,"stopwords":{"additions":null,"preset":"en","removals":null}},"multiTenancyConfig":{"enabled":false},"properties":[{"dataType":["text"],"indexFilterable":true,"indexSearchable":true,"name":"topic","tokenization":"word"},{"dataType":["text"],"indexFilterable":true,"indexSearchable":true,"name":"neo4jID","tokenization":"word"},{"dataType":["text"],"indexFilterable":true,"indexSearchable":true,"name":"subtopic","tokenization":"word"},{"dataType":["int"],"indexFilterable":true,"indexSearchable":false,"name":"label"},{"dataType":["text"],"indexFilterable":true,"indexSearchable":true,"name":"title","tokenization":"word"},{"dataType":["text"],"indexFilterable":true,"indexSearchable":true,"name":"abstract","tokenization":"word"},{"dataType":["text"],"indexFilterable":true,"indexSearchable":true,"name":"cluster_tag","tokenization":"word"},{"dataType":["int"],"indexFilterable":true,"indexSearchable":false,"name":"cluster"}],"replicationConfig":{"factor":1},"shardingConfig":{"virtualPerPhysical":128,"desiredCount":1,"actualCount":1,"desiredVirtualCount":128,"actualVirtualCount":128,"key":"_id","strategy":"hash","function":"murmur3"},"vectorIndexConfig":{"skip":false,"cleanupIntervalSeconds":300,"maxConnections":64,"efConstruction":128,"ef":-1,"dynamicEfMin":100,"dynamicEfMax":500,"dynamicEfFactor":8,"vectorCacheMaxObjects":1000000000000,"flatSearchCutoff":40000,"distance":"cosine","pq":{"enabled":false,"bitCompression":false,"segments":0,"centroids":256,"trainingLimit":100000,"encoder":{"type":"kmeans","distribution":"log-normal"}}},"vectorIndexType":"hnsw","vectorizer":"none"},{"class":"Topic","invertedIndexConfig":{"bm25":{"b":0.75,"k1":1.2},"cleanupIntervalSeconds":60,"stopwords":{"additions":null,"preset":"en","removals":null}},"multiTenancyConfig":{"enabled":false},"properties":[{"dataType":["text"],"indexFilterable":true,"indexSearchable":true,"name":"topic","tokenization":"word"},{"dataType":["text"],"indexFilterable":true,"indexSearchable":true,"name":"neo4jID","tokenization":"word"}],"replicationConfig":{"factor":1},"shardingConfig":{"virtualPerPhysical":128,"desiredCount":1,"actualCount":1,"desiredVirtualCount":128,"actualVirtualCount":128,"key":"_id","strategy":"hash","function":"murmur3"},"vectorIndexConfig":{"skip":false,"cleanupIntervalSeconds":300,"maxConnections":64,"efConstruction":128,"ef":-1,"dynamicEfMin":100,"dynamicEfMax":500,"dynamicEfFactor":8,"vectorCacheMaxObjects":1000000000000,"flatSearchCutoff":40000,"distance":"cosine","pq":{"enabled":false,"bitCompression":false,"segments":0,"centroids":256,"trainingLimit":100000,"encoder":{"type":"kmeans","distribution":"log-normal"}}},"vectorIndexType":"hnsw","vectorizer":"none"}]}
